{"cameraMode":{"drawMode":0,"name":"Shaded","section":"Shading Mode"},"sceneLighting":true,"audioPlay":false,"sceneViewState":{"showFog":true,"showMaterialUpdate":false,"showSkybox":true,"showFlares":true,"showImageEffects":true,"showParticleSystems":true},"in2DMode":false,"pivot":{"x":-681.8375854492188,"y":138.32562255859376,"z":-13.377460479736329},"rotation":{"x":0.14869382977485658,"y":0.7861456871032715,"z":-0.20770981907844544,"w":0.5627829432487488},"size":10.0,"orthographic":false}